feature,feedback
Trend Hunt,Yes
Fit Check,Yes
Pitch Slaps,Yes
Chat Vibes,Yes
Trend Hunt,Yes
Fit Check,Yes
Pitch Slaps,Yes
Chat Vibes,Yes
Trend Hunt,Yes
Fit Check,Yes
Pitch Slaps,Yes
Chat Vibes,Yes
Trend Hunt,Yes
Fit Check,Yes
Pitch Slaps,No
Chat Vibes,Yes
Trend Hunt,Yes
Fit Check,Yes
Pitch Slaps,No
Chat Vibes,Yes
Trend Hunt,Yes
Fit Check,Yes
Pitch Slaps,No
Chat Vibes,Yes
Trend Hunt,Yes
Fit Check,Yes
Pitch Slaps,No
Chat Vibes,Yes
Trend Hunt,Yes
Fit Check,Yes
Pitch Slaps,No
Chat Vibes,Yes
Trend Hunt,Yes
Fit Check,Yes
Pitch Slaps,No
Chat Vibes,Yes
Trend Hunt,Yes
Fit Check,Yes
Pitch Slaps,Yes
Chat Vibes,Yes
Trend Hunt,Yes
Fit Check,Yes
Pitch Slaps,Yes
Chat Vibes,Yes
Trend Hunt,Yes
Fit Check,Yes
Pitch Slaps,Yes
Chat Vibes,Yes
Trend Hunt,Yes
Fit Check,Yes
Pitch Slaps,Yes
Chat Vibes,Yes
Trend Hunt,Yes
Fit Check,Yes
Pitch Slaps,Yes
Chat Vibes,Yes
Trend Hunt,Yes
Fit Check,Yes
Pitch Slaps,Yes
Chat Vibes,Yes
Trend Hunt,Yes
Fit Check,Yes
Pitch Slaps,Yes
Chat Vibes,Yes
Trend Hunt,Yes
Fit Check,Yes
Pitch Slaps,Yes
Chat Vibes,Yes
Trend Hunt,Yes
Fit Check,Yes
Pitch Slaps,Yes
Chat Vibes,No
